Marque,Modèle,Type,Classe,Prix,Places,Vitesse Max,URL Image
Benefactor,Panto,Compact,C,3200,2,150,https://docs.fivem.net/vehicles/panto.webp
Maxwell,Abso,Compact,C,4000,2,130,https://docs.fivem.net/vehicles/asbo.webp
Weeny,Issi Classic,Compact,C,5000,2,135,https://docs.fivem.net/vehicles/issi3.webp
BF,Club,Compact,B,8000,2,175,https://docs.fivem.net/vehicles/club.webp
Karin,Dilettante,Compact,D,9000,2,140,https://docs.fivem.net/vehicles/dilettante.webp
BF,Weevil,Compact,C,9000,2,125,https://docs.fivem.net/vehicles/weevil.webp
Weeny,Issi,Compact,B,9100,2,160,https://docs.fivem.net/vehicles/issi2.webp
Declasse,Rhapsody,Compact,D,10000,2,160,https://docs.fivem.net/vehicles/rhapsody.webp
Grotti,Brioso 300,Compact,B,12000,2,0,https://docs.fivem.net/vehicles/brioso2.webp
Dinka,Blista Kanjo,Compact,A,12000,2,0,https://docs.fivem.net/vehicles/kanjo.webp
Dinka,Blista,Compact,C,13000,2,0,https://docs.fivem.net/vehicles/blista.webp
Dinka,Blista Compact,Compact,C,18950,2,0,https://docs.fivem.net/vehicles/blista2.webp
Grotti,Brioso R/A,Compact,A,20000,2,0,https://docs.fivem.net/vehicles/brioso.webp
Dinka,Blista Go Go Monkey,Compact,C,22000,2,0,https://docs.fivem.net/vehicles/blista3.webp
Karin,Boor,Compact,A,23000,2,0,https://docs.fivem.net/vehicles/boor.webp
Bollokan,Prairie,Compact,A,30000,2,0,https://docs.fivem.net/vehicles/prairie.webp
Grotti,Brioso Fulmin,Compact,B,30000,2,0,https://docs.fivem.net/vehicles/briosofulmin.webp
Bordeaux,Vivant,Compact,A,40000,2,0,https://docs.fivem.net/vehicles/vivant.webp
Weeny,Issi Sport,Compact,S,60000,2,0,https://docs.fivem.net/vehicles/issi7.webp
Grotti,Brioso 300 Widebody,Compact,B,70000,2,0,https://docs.fivem.net/vehicles/brioso3.webp
Bollokan,Iris Z,Compact,C,85000,4,0,https://docs.fivem.net/vehicles/irisz.webp
BF,Club XR,Compact,C,88000,2,0,https://docs.fivem.net/vehicles/clubxr.webp
Dundreary,Regina,Sedans,D,7000,4,0,https://docs.fivem.net/vehicles/regina.webp
Declasse,Asea,Sedans,C,8000,4,0,https://docs.fivem.net/vehicles/asea.webp
Vulcar,Ingot,Sedans,D,8000,4,0,https://docs.fivem.net/vehicles/ingot.webp
Benefactor,Glendale,Sedans,B,8200,4,0,https://docs.fivem.net/vehicles/glendale.webp
Vulcar,Warrener,Sedans,D,8600,4,0,https://docs.fivem.net/vehicles/warrener.webp
Albany,Emperor,Sedans,C,10000,4,0,https://docs.fivem.net/vehicles/emperor.webp
Karin,Asterope,Sedans,C,11000,4,0,https://docs.fivem.net/vehicles/asterope.webp
Albany,Primo,Sedans,D,11000,4,0,https://docs.fivem.net/vehicles/primo.webp
Karin,Intruder,Sedans,C,11250,4,0,https://docs.fivem.net/vehicles/intruder.webp
Albany,Washington,Sedans,C,12000,4,0,https://docs.fivem.net/vehicles/washington.webp
Benefactor,Glendale Custom,Sedans,B,12000,4,0,https://docs.fivem.net/vehicles/glendale2.webp
Declasse,Premier,Sedans,C,12000,4,0,https://docs.fivem.net/vehicles/premier.webp
Declasse,Impaler,Sedans,A,13000,4,0,https://docs.fivem.net/vehicles/impaler.webp
Albany,Primo Custom,Sedans,C,14500,4,0,https://docs.fivem.net/vehicles/primo2.webp
Zirconium,Stratum,Sedans,D,15000,4,0,https://docs.fivem.net/vehicles/stratum.webp
Benefactor,Schafter,Sedans,B,16000,4,0,https://docs.fivem.net/vehicles/schafter2.webp
Dundreary,Hades,Sedans,A,16000,4,0,https://docs.fivem.net/vehicles/hades.webp
Willard,Eudora,Sedans,A,17000,4,0,https://docs.fivem.net/vehicles/eudora.webp
Enus,Super Diamond,Sedans,B,17000,4,0,https://docs.fivem.net/vehicles/superd.webp
Dundreary,Admiral,Sedans,C,18000,4,0,https://docs.fivem.net/vehicles/admiral.webp
Vapid,Stanier,Sedans,C,19000,4,0,https://docs.fivem.net/vehicles/stanier.webp
Cheval,Fugitive,Sedans,B,20000,4,0,https://docs.fivem.net/vehicles/fugitive.webp
Cheval,Surge,Sedans,B,20000,4,0,https://docs.fivem.net/vehicles/surge.webp
Karin,Asterope GZ,Sedans,A,21000,4,0,https://docs.fivem.net/vehicles/asterope2.webp
Obey,Tailgater,Sedans,B,22000,4,0,https://docs.fivem.net/vehicles/tailgater.webp
Enus,Cognoscenti 55,Sedans,C,22000,4,0,https://docs.fivem.net/vehicles/cog55.webp
Übermacht,Oracle,Sedans,C,22000,4,0,https://docs.fivem.net/vehicles/oracle.webp
Enus,Cognoscenti,Sedans,C,22500,4,0,https://docs.fivem.net/vehicles/cognoscenti.webp
Benefactor,Schrauber,Sedans,C,25000,4,0,https://docs.fivem.net/vehicles/schrauber.webp
Vulcar,Warrener HKR,Sedans,B,30000,2,0,https://docs.fivem.net/vehicles/warrener2.webp
Declasse,Tahoma GT,Sedans,C,32000,2,0,https://docs.fivem.net/vehicles/tahomagt.webp
Vulcan,Starlight,Sedans,C,45000,4,0,https://docs.fivem.net/vehicles/starlight.webp
Obey,Tailgater S,Sedans,B,51000,4,0,https://docs.fivem.net/vehicles/tailgater2.webp
Enus,Stafford,Sedans,C,80000,4,0,https://docs.fivem.net/vehicles/stafford.webp
Übermacht,Rhinehart,Sedans,A,105000,4,0,https://docs.fivem.net/vehicles/rhinehart.webp
Cinquemila,Lampadati,Sedans,A,125000,4,0,https://docs.fivem.net/vehicles/cinquemila.webp
S2,Cabriolet Comet,Sedans,A,140000,4,0,https://docs.fivem.net/vehicles/comet7.webp
Gallivanter,Baller ST,Sedans,B,145000,4,0,https://docs.fivem.net/vehicles/baller7.webp
Pfister,Astron,Sedans,A,150000,4,0,https://docs.fivem.net/vehicles/astron.webp
Enus,Sapphire,Sedans,C,180000,2,0,https://docs.fivem.net/vehicles/sapphire.webp
I-Wagen,Obey,Sedans,A,225000,4,0,https://docs.fivem.net/vehicles/obey.webp
Enus,Deity,Sedans,A,320000,4,0,https://docs.fivem.net/vehicles/deity.webp
Enus,Jubilee,Sedans,A,350000,4,0,https://docs.fivem.net/vehicles/jubilee.webp
Dundreary,Stretch,Sedans,C,550000,4,0,https://docs.fivem.net/vehicles/stretch.webp
Karin,Beejay XL,SUVs,,19000,0,0,https://docs.fivem.net/vehicles/bjxl.webp
Dundreary,Landstalker,SUVs,,20000,0,0,https://docs.fivem.net/vehicles/landstalker.webp
Emperor,Habanero,SUVs,,20000,0,0,https://docs.fivem.net/vehicles/habanero.webp
Canis,Seminole,SUVs,,20000,0,0,https://docs.fivem.net/vehicles/seminole.webp
Canis,Seminole Frontier,SUVs,,21000,0,0,https://docs.fivem.net/vehicles/seminole2.webp
Albany,Cavalcade,SUVs,,21000,0,0,https://docs.fivem.net/vehicles/cavalcade.webp
Vapid,Radius,SUVs,,23000,0,0,https://docs.fivem.net/vehicles/radi.webp
Benefactor,XLS,SUVs,,23000,0,0,https://docs.fivem.net/vehicles/xls.webp
Bravado,Dorado,SUVs,,24000,0,0,https://docs.fivem.net/vehicles/dorado.webp
Enus,Huntley S,SUVs,,24500,0,0,https://docs.fivem.net/vehicles/huntley.webp
Obey,Rocoto,SUVs,,25000,0,0,https://docs.fivem.net/vehicles/rocoto.webp
Bravado,Gresley,SUVs,,25000,0,0,https://docs.fivem.net/vehicles/gresley.webp
Albany,Cavalcade II,SUVs,,25000,0,0,https://docs.fivem.net/vehicles/cavalcade2.webp
Fathom,FQ2,SUVs,,25500,0,0,https://docs.fivem.net/vehicles/fq2.webp
Dundreary,Landstalker XL,SUVs,,26000,0,0,https://docs.fivem.net/vehicles/landstalker2.webp
Gallivanter,Baller,SUVs,,27000,0,0,https://docs.fivem.net/vehicles/baller.webp
Benefactor,Dubsta,SUVs,,29000,0,0,https://docs.fivem.net/vehicles/dubsta.webp
Benefactor,Serrano,SUVs,,32000,0,0,https://docs.fivem.net/vehicles/serrano.webp
Benefactor,Dubsta Luxury,SUVs,,33000,0,0,https://docs.fivem.net/vehicles/dubsta2.webp
Gallivanter,Baller II,SUVs,,35000,0,0,https://docs.fivem.net/vehicles/baller2.webp
Vapid,Contender,SUVs,,42000,0,0,https://docs.fivem.net/vehicles/contender.webp
Gallivanter,Baller LE,SUVs,,43000,0,0,https://docs.fivem.net/vehicles/baller3.webp
Declasse,Granger,SUVs,,45000,0,0,https://docs.fivem.net/vehicles/granger.webp
Vapid,Aleutian,SUVs,,45000,0,0,https://docs.fivem.net/vehicles/aleutian.webp
Declasse,Granger 3600LX,SUVs,,47000,0,0,https://docs.fivem.net/vehicles/granger2.webp
Gallivanter,Baller LE LWB,SUVs,,47000,0,0,https://docs.fivem.net/vehicles/baller4.webp
Gallivanter,Baller ST-D,SUVs,,52000,0,0,https://docs.fivem.net/vehicles/baller8.webp
Lampadati,Novak,SUVs,,60000,0,0,https://docs.fivem.net/vehicles/novak.webp
Karin,Vivanite,SUVs,,75000,0,0,https://docs.fivem.net/vehicles/vivanite.webp
Übermacht,Rebla GTS,SUVs,,100000,0,0,https://docs.fivem.net/vehicles/rebla.webp
Coil,LOD 4,SUVs,,110000,0,0,https://docs.fivem.net/vehicles/lod4.webp
Albany,Cavalcade XL,SUVs,,125000,0,0,https://docs.fivem.net/vehicles/cavalcade3.webp
Bravado,Gresley STX,SUVs,,140000,0,0,https://docs.fivem.net/vehicles/gresleystx.webp
Pegassi,Toros,SUVs,,180000,0,0,https://docs.fivem.net/vehicles/toros.webp
Mammoth,Patriot,SUVs,,250000,0,0,https://docs.fivem.net/vehicles/patriot.webp
Mammoth,Patriot stretch,SUVs,,310000,0,0,https://docs.fivem.net/vehicles/stretch.webp
Declasse,Tahoma coupe,Coupes,,16000,0,0,https://docs.fivem.net/vehicles/tahoma.webp
Karin,Futo,Coupes,,17500,0,0,https://docs.fivem.net/vehicles/futo.webp
Übermacht,Zion,Coupes,,22000,0,0,https://docs.fivem.net/vehicles/zion.webp
Dinka,Kanjo SJ,Coupes,,24000,0,0,https://docs.fivem.net/vehicles/kanjosj.webp
Übermacth,Sentinel,Coupes,,26000,0,0,https://docs.fivem.net/vehicles/sentinel.webp
Übermacth,Sentinel XS,Coupes,,28000,0,0,https://docs.fivem.net/vehicles/sentinel.webp
Karin,Previon,Coupes,,29000,0,0,https://docs.fivem.net/vehicles/previon.webp
Enus,Cognoscenti Cabrio,Coupes,,30000,0,0,https://docs.fivem.net/vehicles/cogcabrio.webp
Fanthom,FR36,Coupes,,32000,0,0,https://docs.fivem.net/vehicles/fr36.webp
Übermacth,Zion Cabrio,Coupes,,32000,0,0,https://docs.fivem.net/vehicles/zion2.webp
Ocelot,Jackal,Coupes,,34000,0,0,https://docs.fivem.net/vehicles/jackal.webp
Lampadati,Felon,Coupes,,36000,0,0,https://docs.fivem.net/vehicles/felon.webp
Lampadati,Felon GT,Coupes,,45000,0,0,https://docs.fivem.net/vehicles/felon2.webp
Enus,WIndsor Drop,Coupes,,59000,0,0,https://docs.fivem.net/vehicles/windsor2.webp
Dewbauchee,Exemplar,Coupes,,62000,0,0,https://docs.fivem.net/vehicles/exemplar.webp
Übermacth,Sentinel Classic,Coupes,,70000,0,0,https://docs.fivem.net/vehicles/sentinel3.webp
Ocelot,F620,Coupes,,72000,0,0,https://docs.fivem.net/vehicles/f620.webp
Coil,Eon,Coupes,,110000,0,0,https://docs.fivem.net/vehicles/eon.webp
Übermacth,Sentinel G,Coupes,,115000,0,0,https://docs.fivem.net/vehicles/sentinelg.webp
Classique,Broadway,Coupes,,130000,0,0,https://docs.fivem.net/vehicles/broadway.webp
Dewbauchee,Champion,Coupes,,360000,0,0,https://docs.fivem.net/vehicles/champion.webp
Vapid,Chino,Muscle,,8000,0,0,https://docs.fivem.net/vehicles/chino.webp
Vapid,Chino Luxe,Muscle,,12000,0,0,https://docs.fivem.net/vehicles/chino2.webp
Albany,Manana,Muscle,,12800,0,0,https://docs.fivem.net/vehicles/manana.webp
Declasse,Voodoo,Muscle,,13000,0,0,https://docs.fivem.net/vehicles/voodoo.webp
Vapid,Clique Wagon,Muscle,,15000,0,0,https://docs.fivem.net/vehicles/clique2.webp
Vapid,Slam Van,Muscle,,16000,0,0,https://docs.fivem.net/vehicles/slamvan.webp
Willard,Faction,Muscle,,17000,0,0,https://docs.fivem.net/vehicles/faction.webp
Vapid,Slam Van Custom,Muscle,,17000,0,0,https://docs.fivem.net/vehicles/slamvan3.webp
Bravado,Greenwood,Muscle,,18000,0,0,https://docs.fivem.net/vehicles/greenwood.webp
Willard,Faction Rider,Muscle,,19000,0,0,https://docs.fivem.net/vehicles/faction2.webp
Declasse,Yosemite,Muscle,,19500,0,0,https://docs.fivem.net/vehicles/yosemite.webp
Cheval,Picador,Muscle,,20000,0,0,https://docs.fivem.net/vehicles/picador.webp
Vapid,Clique,Muscle,,20000,0,0,https://docs.fivem.net/vehicles/clique.webp
Ratloader2,Ratloader,Muscle,,20000,0,0,https://docs.fivem.net/vehicles/ratloader.webp
Dundreary,Virgo,Muscle,,21000,0,0,https://docs.fivem.net/vehicles/virgo.webp
Bravado,Lurcher,Muscle,,21000,0,0,https://docs.fivem.net/vehicles/lurcher.webp
Dundreary,Virgo Custom Classic,Muscle,,21000,0,0,https://docs.fivem.net/vehicles/virgo2.webp
Albany,Virgo,Muscle,,22000,0,0,https://docs.fivem.net/vehicles/virgo.webp
Albany,Buccaneer,Muscle,,22500,0,0,https://docs.fivem.net/vehicles/buccaneer.webp
Imponte,Dukes,Muscle,,23500,0,0,https://docs.fivem.net/vehicles/dukes.webp
Vapid,Blade,Muscle,,23500,0,0,https://docs.fivem.net/vehicles/blade.webp
Albany,Manana Custom,Muscle,,24000,0,0,https://docs.fivem.net/vehicles/manana2.webp
Albany,Buccaneer Rider,Muscle,,24500,0,0,https://docs.fivem.net/vehicles/buccaneer2.webp
Declasse,Impaler LX,Muscle,,25000,0,0,https://docs.fivem.net/vehicles/impaler6.webp
Declasse,Tulip M-100,Muscle,,25000,0,0,https://docs.fivem.net/vehicles/tulip2.webp
Imponte,Ruiner,Muscle,,29000,0,0,https://docs.fivem.net/vehicles/ruiner.webp
Declasse,Vamos,Muscle,,30000,0,0,https://docs.fivem.net/vehicles/vamos.webp
Declasse,Stallion,Muscle,,33000,0,0,https://docs.fivem.net/vehicles/stalion.webp
Declasse,Tampa,Muscle,,34000,0,0,https://docs.fivem.net/vehicles/tampa.webp
Bravado,Gauntlet,Muscle,,34000,0,0,https://docs.fivem.net/vehicles/gauntlet.webp
Bravado,Classic Gaunltet,Muscle,,37000,0,0,https://docs.fivem.net/vehicles/gauntlet3.webp
Declasse,Sabre GT Turbo,Muscle,,37000,0,0,https://docs.fivem.net/vehicles/sabregt.webp
Vapid,Impaler,Muscle,,38000,0,0,https://docs.fivem.net/vehicles/impaler.webp
Declasse,Vigero,Muscle,,39500,0,0,https://docs.fivem.net/vehicles/vigero.webp
Declasse,Drift Tampa,Muscle,,40000,0,0,https://docs.fivem.net/vehicles/drifttampa.webp
Declasse,Stallion Burgershot,Muscle,,40000,0,0,https://docs.fivem.net/vehicles/stalion2.webp
Imponte,Ruiner ZZ-8,Muscle,,41000,0,0,https://docs.fivem.net/vehicles/ruiner4.webp
Declasse,Sabre GT Turbo Custom,Muscle,,42000,0,0,https://docs.fivem.net/vehicles/sabregt2.webp
Imponte,Phoenix,Muscle,,42000,0,0,https://docs.fivem.net/vehicles/phoenix.webp
Vapid,Ellie,Muscle,,42500,0,0,https://docs.fivem.net/vehicles/ellie.webp
Vapid,Dominator,Muscle,,45000,0,0,https://docs.fivem.net/vehicles/dominator.webp
Imponte,Beater Dukes,Muscle,,45000,0,0,https://docs.fivem.net/vehicles/dukes3.webp
Bravado,Gauntlet Classic Custom,Muscle,,46000,0,0,https://docs.fivem.net/vehicles/gauntlet5.webp
Vapid,PiBwasser,Muscle,,50000,0,0,https://docs.fivem.net/vehicles/dominator2.webp
Declasse,Yosemite Drift,Muscle,,55000,0,0,https://docs.fivem.net/vehicles/driftyosemite.webp
Vapid,Dominator ASP,Muscle,,56000,0,0,https://docs.fivem.net/vehicles/dominator7.webp
Schyster,Deviant,Muscle,,70000,0,0,https://docs.fivem.net/vehicles/deviant.webp
Bravado,Redwood Gauntlet,Muscle,,70000,0,0,https://docs.fivem.net/vehicles/gauntlet2.webp
Imponte,Nightshade,Muscle,,70000,0,0,https://docs.fivem.net/vehicles/nightshade.webp
Vapid,Dominator GTX,Muscle,,75000,0,0,https://docs.fivem.net/vehicles/dominator3.webp
Vapid,Dominator GTT,Muscle,,80000,0,0,https://docs.fivem.net/vehicles/dominator8.webp
Bravado,Gauntlet Hellfire,Muscle,,80000,0,0,https://docs.fivem.net/vehicles/gauntlet4.webp
Declasse,Tulip,Muscle,,80000,0,0,https://docs.fivem.net/vehicles/tulip.webp
Bravado,Buffalo EVX,Muscle,,86000,0,0,https://docs.fivem.net/vehicles/buffalo5.webp
Vapid,Hotknife,Muscle,,90000,0,0,https://docs.fivem.net/vehicles/hotknife.webp
Vapid,Hustler,Muscle,,95000,0,0,https://docs.fivem.net/vehicles/hustler.webp
Declasse,Vigero ZX,Muscle,,96000,0,0,https://docs.fivem.net/vehicles/vigero2.webp
Bravado,Buffalo STX,Muscle,,120000,0,0,https://docs.fivem.net/vehicles/buffalo4.webp
Albany,Brigham,Muscle,,149000,0,0,https://docs.fivem.net/vehicles/brigham.webp
Vapid,Dominator GT,Muscle,,174000,0,0,https://docs.fivem.net/vehicles/dominator9.webp
Invetero,Coquette BlackFin,Muscle,,180000,0,0,https://docs.fivem.net/vehicles/coquette3.webp
Declasse,Vigero ZX Convertible,Muscle,,181000,0,0,https://docs.fivem.net/vehicles/vigero3.webp
Albany,Hermes,Muscle,,199000,0,0,https://docs.fivem.net/vehicles/hermes.webp
Rune,Cheburek,Sport-Classics,,7000,0,0,https://docs.fivem.net/vehicles/cheburek.webp
Vapid,Peyote,Sport-Classics,,12000,0,0,https://docs.fivem.net/vehicles/peyote.webp
Vulcar,Fagaloa,Sport-Classics,,13000,0,0,https://docs.fivem.net/vehicles/fagaloa.webp
Weeny,Dynasty,Sport-Classics,,13500,0,0,https://docs.fivem.net/vehicles/dynasty.webp
Vulcar,Nebula,Sport-Classics,,14000,0,0,https://docs.fivem.net/vehicles/nebula.webp
Vapid,Retinue,Sport-Classics,,18300,0,0,https://docs.fivem.net/vehicles/retinue.webp
Declasse,Tornado,Sport-Classics,,18500,0,0,https://docs.fivem.net/vehicles/tornado.webp
Declasse,Tornado Custom,Sport-Classics,,19000,0,0,https://docs.fivem.net/vehicles/tornado5.webp
Declasse,Tornado Convertible,Sport-Classics,,21000,0,0,https://docs.fivem.net/vehicles/tornado2.webp
Lampadati,Michelli GT,Sport-Classics,,23000,0,0,https://docs.fivem.net/vehicles/michelli.webp
Lampadati,Pigalle,Sport-Classics,,23000,0,0,https://docs.fivem.net/vehicles/pigalle.webp
Übermacht,Zion Classic,Sport-Classics,,23000,0,0,https://docs.fivem.net/vehicles/zion3.webp
Lampadati,Komoda GT,Sport-Classics,,27000,0,0,https://docs.fivem.net/vehicles/komodagt.webp
Annis,Savestra,Sport-Classics,,31000,0,0,https://docs.fivem.net/vehicles/savestra.webp
Maxwell,Sidewinder,Sport-Classics,,38000,0,0,https://docs.fivem.net/vehicles/sidewinder.webp
Vapid,Peyote Gasser,Sport-Classics,,40000,0,0,https://docs.fivem.net/vehicles/peyote2.webp
Lampadati,Casco,Sport-Classics,,44000,0,0,https://docs.fivem.net/vehicles/casco.webp
Vapid,Peyote Custom,Sport-Classics,,48000,0,0,https://docs.fivem.net/vehicles/peyote3.webp
Dewbauchee,Rapid GT Classic,Sport-Classics,,65000,0,0,https://docs.fivem.net/vehicles/rapidgt3.webp
Tundra,Raidillon,Sport-Classics,,68000,0,0,https://docs.fivem.net/vehicles/raidillon.webp
Pfister,Comet Classic,Sport-Classics,,70000,0,0,https://docs.fivem.net/vehicles/cometclassic.webp
Grotti,Stinger,Sport-Classics,,71000,0,0,https://docs.fivem.net/vehicles/stinger.webp
Karin,190Z,Sport-Classics,,78000,0,0,https://docs.fivem.net/vehicles/z190.webp
Pegassi,Torero,Sport-Classics,,84000,0,0,https://docs.fivem.net/vehicles/torero.webp
Grotti,Stinger GT,Sport-Classics,,89000,0,0,https://docs.fivem.net/vehicles/stingergt.webp
Pegassi,Monroe,Sport-Classics,,115000,0,0,https://docs.fivem.net/vehicles/monroe.webp
Benefactor,Stirling GT,Sport-Classics,,115000,0,0,https://docs.fivem.net/vehicles/feltzer3.webp
Grotti,GT500,Sport-Classics,,130000,0,0,https://docs.fivem.net/vehicles/gt500.webp
Declasse,Mamba,Sport-Classics,,140000,0,0,https://docs.fivem.net/vehicles/mamba.webp
Invetero,Coquette Classic,Sport-Classics,,165000,0,0,https://docs.fivem.net/vehicles/coquette2.webp
Grotti,Turismo Classic,Sport-Classics,,170000,0,0,https://docs.fivem.net/vehicles/turismo2.webp
Albany,Roosevelt,Sport-Classics,,180000,0,0,https://docs.fivem.net/vehicles/btype.webp
Albany,Roosevelt Valor,Sport-Classics,,190000,0,0,https://docs.fivem.net/vehicles/btype3.webp
Lampadati,Viseris,Sport-Classics,,210000,0,0,https://docs.fivem.net/vehicles/viseris.webp
Ocelot,Swinger,Sport-Classics,,221000,0,0,https://docs.fivem.net/vehicles/swinger.webp
Pegassi,Infernus Classic,Sport-Classics,,245000,0,0,https://docs.fivem.net/vehicles/infernus2.webp
Truffade,Z-Type,Sport-Classics,,270000,0,0,https://docs.fivem.net/vehicles/ztype.webp
Maibastu,Penumbra,Sport,,22000,0,0,https://docs.fivem.net/vehicles/penumbra.webp
Karin,Futo GTX,Sport,,26000,0,0,https://docs.fivem.net/vehicles/driftfuto.webp
Maibastu,Penumbra FF,Sport,,27000,0,0,https://docs.fivem.net/vehicles/penumbra2.webp
Benefactor,Schwartzer,Sport,,27000,0,0,https://docs.fivem.net/vehicles/schwarzer.webp
Bravado,Buffalo,Sport,,28000,0,0,https://docs.fivem.net/vehicles/buffalo.webp
Annis,ZR350,Sport,,31000,0,0,https://docs.fivem.net/vehicles/zr350.webp
Annis,Remus,Sport,,31500,0,0,https://docs.fivem.net/vehicles/remus.webp
Bravado,Buffalo S,Sport,,33000,0,0,https://docs.fivem.net/vehicles/buffalo2.webp
Benefactor,Schafter V12,Sport,,35000,0,0,https://docs.fivem.net/vehicles/schafter3.webp
Weeny,Issi Rally,Sport,,36000,0,0,https://docs.fivem.net/vehicles/issi8.webp
Karin,Calico GTF,Sport,,36000,0,0,https://docs.fivem.net/vehicles/calico.webp
Dinka,RT3000,Sport,,39000,0,0,https://docs.fivem.net/vehicles/rt3000.webp
Vapid,Flash GT,Sport,,48000,0,0,https://docs.fivem.net/vehicles/flashgt.webp
Karin,Sultan,Sport,,50000,0,0,https://docs.fivem.net/vehicles/sultan.webp
Albany,Alpha,Sport,,53000,0,0,https://docs.fivem.net/vehicles/alpha.webp
Karin,Sultan Custom,Sport,,55000,0,0,https://docs.fivem.net/vehicles/sultan2.webp
Karin,Sultan Classic Custom,Sport,,56000,0,0,https://docs.fivem.net/vehicles/sultan3.webp
Lampadati,Komoda,Sport,,62000,0,0,https://docs.fivem.net/vehicles/komoda.webp
Dinka,Sugoi,Sport,,62000,0,0,https://docs.fivem.net/vehicles/sugoi.webp
Lampadati,Tropos Rallye,Sport,,65000,0,0,https://docs.fivem.net/vehicles/tropos.webp
Grotti,Bestia GTS,Sport,,67000,0,0,https://docs.fivem.net/vehicles/bestiagts.webp
Wow,Omnis,Sport,,68000,0,0,https://docs.fivem.net/vehicles/omnis.webp
Bravado,Verlierer,Sport,,68000,0,0,https://docs.fivem.net/vehicles/verlierer2.webp
Toundra,Panthere,Sport,,69000,0,0,https://docs.fivem.net/vehicles/panthere.webp
Vapid,GB 200,Sport,,71000,0,0,https://docs.fivem.net/vehicles/gb200.webp
Karin,Kuruma,Sport,,72000,0,0,https://docs.fivem.net/vehicles/kuruma.webp
Annis,Elegy RH8,Sport,,72000,0,0,https://docs.fivem.net/vehicles/elegy2.webp
Annis,300R,Sport,,73000,0,0,https://docs.fivem.net/vehicles/r300.webp
Dinka,Jester Classic,Sport,,76000,0,0,https://docs.fivem.net/vehicles/jester3.webp
Annis,Elegy Retro Custom,Sport,,76000,0,0,https://docs.fivem.net/vehicles/elegy.webp
Karin,Sultan RS,Sport,,76500,0,0,https://docs.fivem.net/vehicles/sultanrs.webp
Dewbauchee,Solace VI,Sport,,78000,0,0,https://docs.fivem.net/vehicles/solacevi.webp
Obey,Argento 7F,Sport,,80000,0,0,https://docs.fivem.net/vehicles/argento7f.webp
Dewbauchee,Rapid GT,Sport,,86000,0,0,https://docs.fivem.net/vehicles/rapidgt.webp
Karin,Sultan RSX,Sport,,88000,0,0,https://docs.fivem.net/vehicles/sultanrsx.webp
Ocelot,Pariah,Sport,,90000,0,0,https://docs.fivem.net/vehicles/pariah.webp
Hijak,Khamelion,Sport,,90000,0,0,https://docs.fivem.net/vehicles/khamelion.webp
Dewbauchee,Rapid GT Convertible,Sport,,92000,0,0,https://docs.fivem.net/vehicles/rapidgt2.webp
Benefactor,Feltzer,Sport,,97000,0,0,https://docs.fivem.net/vehicles/feltzer2.webp
Bravado,Banshee,Sport,,106000,0,0,https://docs.fivem.net/vehicles/banshee.webp
Dewbauchee,Massacro,Sport,,130000,0,0,https://docs.fivem.net/vehicles/massacro.webp
Dinka,Jester,Sport,,132250,0,0,https://docs.fivem.net/vehicles/jester.webp
Benefactor,Surano,Sport,,135000,0,0,https://docs.fivem.net/vehicles/surano.webp
Överflöd,Imorgon,Sport,,135000,0,0,https://docs.fivem.net/vehicles/imorgon.webp
Enus,Paragon,Sport,,140000,0,0,https://docs.fivem.net/vehicles/paragon.webp
Dewbauchee,Seven-70,Sport,,140000,0,0,https://docs.fivem.net/vehicles/seven70.webp
Annis,Euros,Sport,,140000,0,0,https://docs.fivem.net/vehicles/euros.webp
Invetero,Coquette,Sport,,145000,0,0,https://docs.fivem.net/vehicles/coquette.webp
Ocelot,Lynx,Sport,,150000,0,0,https://docs.fivem.net/vehicles/lynx.webp
Dewbauchee,Massacro Racecar,Sport,,152000,0,0,https://docs.fivem.net/vehicles/massacro2.webp
Grotti,Carbonizzare,Sport,,155000,0,0,https://docs.fivem.net/vehicles/carbonizzare.webp
Albany,V-STR,Sport,,155000,0,0,https://docs.fivem.net/vehicles/vstr.webp
Übermacht,Cypher,Sport,,155000,0,0,https://docs.fivem.net/vehicles/cypher.webp
Obey,8F Drafter,Sport,,160000,0,0,https://docs.fivem.net/vehicles/drafter.webp
Dewbauchee,Specter,Sport,,160000,0,0,https://docs.fivem.net/vehicles/specter.webp
Ocelot,Jugular,Sport,,165000,0,0,https://docs.fivem.net/vehicles/jugular.webp
Emperor,Vectre,Sport,,174000,0,0,https://docs.fivem.net/vehicles/vectre.webp
Dinka,Jester RR,Sport,,190000,0,0,https://docs.fivem.net/vehicles/driftjester.webp
Vapid,Dominator GSX,Sport,,195000,0,0,https://docs.fivem.net/vehicles/dominatorgsx.webp
Grotti,Cheetah Classic,Sport,,195000,0,0,https://docs.fivem.net/vehicles/cheetah2.webp
Obey,9F,Sport,,210000,0,0,https://docs.fivem.net/vehicles/ninef.webp
Lampadati,Furore GT,Sport,,210000,0,0,https://docs.fivem.net/vehicles/furoregt.webp
Dinka,Jester Racecar,Sport,,210000,0,0,https://docs.fivem.net/vehicles/jester2.webp
Obey,9F Cabrio,Sport,,225000,0,0,https://docs.fivem.net/vehicles/ninef2.webp
Vysser,Neo,Sport,,230000,0,0,https://docs.fivem.net/vehicles/neo.webp
Maibastu,Itali GTO Stinger TT,Sport,,238000,0,0,https://docs.fivem.net/vehicles/stingertt.webp
Obey,10F,Sport,,240000,0,0,https://docs.fivem.net/vehicles/tenf.webp
Pfister,Neon,Sport,,240000,0,0,https://docs.fivem.net/vehicles/neon.webp
Obey,10F Widebody,Sport,,260000,0,0,https://docs.fivem.net/vehicles/tenf2.webp
Pfister,Growler,Sport,,265000,0,0,https://docs.fivem.net/vehicles/growler.webp
Pfister,Comet SR,Sport,,320000,0,0,https://docs.fivem.net/vehicles/comet5.webp
Benefactor,Schlagen GT,Sport,,374000,0,0,https://docs.fivem.net/vehicles/schlagen.webp
Lampadati,Corsita,Sport,,380000,0,0,https://docs.fivem.net/vehicles/corsita.webp
Pfister,Comet,Sport,,390000,0,0,https://docs.fivem.net/vehicles/comet2.webp
Progen,Itali GTO,Sport,,410000,0,0,https://docs.fivem.net/vehicles/italigto.webp
Progen,Itali RSX,Sport,,510000,0,0,https://docs.fivem.net/vehicles/italirsx.webp
Invetero,Coquette D10,Sport,,540000,0,0,https://docs.fivem.net/vehicles/coquette4.webp
Hijak,Ruston,Sport,,760000,0,0,https://docs.fivem.net/vehicles/ruston.webp
Benefactor,SM722,Sport,,842000,0,0,https://docs.fivem.net/vehicles/sm722.webp
Grotti,Milano,Super,,145000,0,0,https://docs.fivem.net/vehicles/milano.webp
Benefactor,Harman,Super,,154000,0,0,https://docs.fivem.net/vehicles/harman.webp
Pfister,Dinka,Super,,190000,0,0,https://docs.fivem.net/vehicles/dinka.webp
Dinka,Nexus RR,Super,,230000,0,0,https://docs.fivem.net/vehicles/nexusrr.webp
Vapid,Bullet,Super,,240000,0,0,https://docs.fivem.net/vehicles/bullet.webp
Benefactor,Schlagen SP,Super,,280000,0,0,https://docs.fivem.net/vehicles/schlagensp.webp
Obey,Ten FR,Super,,285000,0,0,https://docs.fivem.net/vehicles/tenfr.webp
Bravado,Banshee 900R,Super,,290000,0,0,https://docs.fivem.net/vehicles/banshee2.webp
Empero,Ronin,Super,,290000,0,0,https://docs.fivem.net/vehicles/ronin.webp
Pegassi,Vacca,Super,,290000,0,0,https://docs.fivem.net/vehicles/vacca.webp
Progen,GP1,Super,,370000,0,0,https://docs.fivem.net/vehicles/gp1.webp
Pegassi,Reaper,Super,,370000,0,0,https://docs.fivem.net/vehicles/reaper.webp
Übermacth,SC1,Super,,380000,0,0,https://docs.fivem.net/vehicles/sc1.webp
Pegassi,Torero XO,Super,,420000,0,0,https://docs.fivem.net/vehicles/torero2.webp
Ocelot,Virtue,Super,,420000,0,0,https://docs.fivem.net/vehicles/virtue.webp
Coil,Voltic,Super,,430000,0,0,https://docs.fivem.net/vehicles/voltic.webp
Pegassi,Tempesta,Super,,524000,0,0,https://docs.fivem.net/vehicles/tempesta.webp
Pegassi,Infernus,Super,,580000,0,0,https://docs.fivem.net/vehicles/infernus.webp
Vapid,FMJ,Super,,590000,0,0,https://docs.fivem.net/vehicles/fmj.webp
Lampadati,Tigon,Super,,610000,0,0,https://docs.fivem.net/vehicles/tigon.webp
Grotti,Cheetah,Super,,640000,0,0,https://docs.fivem.net/vehicles/cheetah.webp
Pegassi,Osiris,Super,,680000,0,0,https://docs.fivem.net/vehicles/osiris.webp
Progen,T20,Super,,680000,0,0,https://docs.fivem.net/vehicles/t20.webp
Ocelot,XA-21,Super,,720000,0,0,https://docs.fivem.net/vehicles/xa21.webp
Grotti,Turismo R,Super,,780000,0,0,https://docs.fivem.net/vehicles/turismor.webp
Överflöd,Entity XF,Super,,800000,0,0,https://docs.fivem.net/vehicles/entityxf.webp
Progen,Itali GTB Custom,Super,,830000,0,0,https://docs.fivem.net/vehicles/italigtb2.webp
Truffade,Thrax,Super,,890000,0,0,https://docs.fivem.net/vehicles/thrax.webp
Överflöd,Zeno,Super,,920000,0,0,https://docs.fivem.net/vehicles/zeno.webp
Överflöd,Entity MT,Super,,940000,0,0,https://docs.fivem.net/vehicles/entity2.webp
Grotti,Turismo Omaggio,Super,,940000,0,0,https://docs.fivem.net/vehicles/turismo3.webp
Pfister,811,Super,,945000,0,0,https://docs.fivem.net/vehicles/pfister811.webp
Progen,Emerus,Super,,1040000,0,0,https://docs.fivem.net/vehicles/emerus.webp
Benefactor,Krieger,Super,,1080000,0,0,https://docs.fivem.net/vehicles/krieger.webp
Pegassi,Zorrusso,Super,,1090000,0,0,https://docs.fivem.net/vehicles/zorrusso.webp
Pegassi,Tezeract,Super,,1170000,0,0,https://docs.fivem.net/vehicles/tezeract.webp
Cheval,Taipan,Super,,1200000,0,0,https://docs.fivem.net/vehicles/taipan.webp
Grotti,Furia,Super,,1280000,0,0,https://docs.fivem.net/vehicles/furia.webp
Pegassi,Ignus,Super,,1540000,0,0,https://docs.fivem.net/vehicles/ignus.webp
Överflöd,Tyrant,Super,,1680000,0,0,https://docs.fivem.net/vehicles/tyrant.webp
Pegassi,Zentorno,Super,,1700000,0,0,https://docs.fivem.net/vehicles/zentorno.webp
Truffade,Adder,Super,,1800000,0,0,https://docs.fivem.net/vehicles/adder.webp
Pegassi,Faggio,Motorcyles,,2500,0,0,https://docs.fivem.net/vehicles/faggio2.webp
Pegassi,Faggio Sport,Motorcyles,,2900,0,0,https://docs.fivem.net/vehicles/faggio.webp
Dinka,Enduro,Motorcyles,,5500,0,0,https://docs.fivem.net/vehicles/enduro.webp
Maibastu,Sanchez,Motorcyles,,7500,0,0,https://docs.fivem.net/vehicles/sanchez2.webp
Maibastu,Manchez,Motorcyles,,8300,0,0,https://docs.fivem.net/vehicles/manchez.webp
Maibastu,Sanchez Livery,Motorcyles,,8500,0,0,https://docs.fivem.net/vehicles/sanchez.webp
Pegassi,FCR 1000,Motorcyles,,9000,0,0,https://docs.fivem.net/vehicles/fcr.webp
Pegassi,Esskey,Motorcyles,,12000,0,0,https://docs.fivem.net/vehicles/esskey.webp
Shitzu,Vader,Motorcyles,,12000,0,0,https://docs.fivem.net/vehicles/vader.webp
Western,Wolfsbane,Motorcyles,,14000,0,0,https://docs.fivem.net/vehicles/wolfsbane.webp
Shitzu,PCJ-600,Motorcyles,,15000,0,0,https://docs.fivem.net/vehicles/pcj.webp
LCC,Hexer,Motorcyles,,16000,0,0,https://docs.fivem.net/vehicles/hexer.webp
Pegassi,FCR 1000 Custom,Motorcyles,,19000,0,0,https://docs.fivem.net/vehicles/fcr2.webp
Dinka,Vindicator,Motorcyles,,19000,0,0,https://docs.fivem.net/vehicles/vindicator.webp
Principe,Nemesis,Motorcyles,,20000,0,0,https://docs.fivem.net/vehicles/nemesis.webp
LCC,Avarus,Motorcyles,,20000,0,0,https://docs.fivem.net/vehicles/avarus.webp
Maibastu,Super Sanchez,Motorcyles,,20000,0,0,https://docs.fivem.net/vehicles/supersanchez.webp
Western,Powersurge,Motorcyles,,21000,0,0,https://docs.fivem.net/vehicles/powersurge.webp
Nagasaki,Chimera,Motorcyles,,21000,0,0,https://docs.fivem.net/vehicles/chimera.webp
WMC,Bagger,Motorcyles,,22000,0,0,https://docs.fivem.net/vehicles/bagger.webp
Nagasaki,BF400,Motorcyles,,22000,0,0,https://docs.fivem.net/vehicles/bf400.webp
Dinka,Thrust,Motorcyles,,22000,0,0,https://docs.fivem.net/vehicles/thrust.webp
Western,Daemon Custom,Motorcyles,,23000,0,0,https://docs.fivem.net/vehicles/daemon2.webp
Principe,Lectro,Motorcyles,,24000,0,0,https://docs.fivem.net/vehicles/lectro.webp
Western,Reever,Motorcyles,,25000,0,0,https://docs.fivem.net/vehicles/reever.webp
Pegassi,Ruffian,Motorcyles,,25000,0,0,https://docs.fivem.net/vehicles/ruffian.webp
LLC,Innovation,Motorcyles,,26500,0,0,https://docs.fivem.net/vehicles/innovation.webp
Western,Zombie Chopper,Motorcyles,,27000,0,0,https://docs.fivem.net/vehicles/zombieb.webp
Principe,Diablous,Motorcyles,,27000,0,0,https://docs.fivem.net/vehicles/diablous.webp
Nagasaki,BF900,Motorcyles,,27500,0,0,https://docs.fivem.net/vehicles/bf900.webp
Shitzu,Defiler,Motorcyles,,28000,0,0,https://docs.fivem.net/vehicles/defiler.webp
Western,Zombie Bobber,Motorcyles,,28000,0,0,https://docs.fivem.net/vehicles/zombiea.webp
Dinka,Akuma,Motorcyles,,29000,0,0,https://docs.fivem.net/vehicles/akuma.webp
Pegassi,Vortex,Motorcyles,,31000,0,0,https://docs.fivem.net/vehicles/vortex.webp
Nagasaki,Carbon RS,Motorcyles,,32000,0,0,https://docs.fivem.net/vehicles/carbonrs.webp
WMC,Nightblade,Motorcyles,,32000,0,0,https://docs.fivem.net/vehicles/nightblade.webp
Western,Gargoyle,Motorcyles,,32000,0,0,https://docs.fivem.net/vehicles/gargoyle.webp
Nagasaki,Shinobi,Motorcyles,,34000,0,0,https://docs.fivem.net/vehicles/shinobi.webp
Shitzu,Hakuchou,Motorcyles,,36000,0,0,https://docs.fivem.net/vehicles/hakuchou.webp
Pegassi,Bati 801,Motorcyles,,36000,0,0,https://docs.fivem.net/vehicles/bati.webp
Dinka,Double-T,Motorcyles,,36000,0,0,https://docs.fivem.net/vehicles/double.webp
Principe,Diablous Custom,Motorcyles,,38000,0,0,https://docs.fivem.net/vehicles/diablous2.webp
WMC,Sovereign,Motorcyles,,39000,0,0,https://docs.fivem.net/vehicles/sovereign.webp
Western,Cliffhanger,Motorcyles,,39500,0,0,https://docs.fivem.net/vehicles/cliffhanger.webp
Annis,blazer,Off-Roads,,7500,0,0,https://docs.fivem.net/vehicles/blazer.webp
Annis,blazer Sport,Off-Roads,,9250,0,0,https://docs.fivem.net/vehicles/blazer4.webp
Canis,Kalahari,Off-Roads,,14000,0,0,https://docs.fivem.net/vehicles/kalahari.webp
Annis,BF Injection,Off-Roads,,18000,0,0,https://docs.fivem.net/vehicles/bfinjection.webp
Canis,Mesa,Off-Roads,,19000,0,0,https://docs.fivem.net/vehicles/mesa.webp
Vapid,Rebel,Off-Roads,,20000,0,0,https://docs.fivem.net/vehicles/rebel.webp
Declasse,Rancher XL,Off-Roads,,24000,0,0,https://docs.fivem.net/vehicles/rancherxl.webp
Annis,Hellion,Off-Roads,,27000,0,0,https://docs.fivem.net/vehicles/hellion.webp
Declasse,Yosemite Rancher,Off-Roads,,32000,0,0,https://docs.fivem.net/vehicles/yosemite3.webp
Vapid,Sandking SWB,Off-Roads,,38000,0,0,https://docs.fivem.net/vehicles/sandking2.webp
Vapid,Riata,Off-Roads,,38000,0,0,https://docs.fivem.net/vehicles/riata.webp
Karin,Everon,Off-Roads,,44000,0,0,https://docs.fivem.net/vehicles/everon.webp
Vapid,Sandking XL,Off-Roads,,45000,0,0,https://docs.fivem.net/vehicles/sandking.webp
Maibatsu,MonstroCiti,Off-Roads,,48000,0,0,https://docs.fivem.net/vehicles/monstrociti.webp
Vapid,Caracara,Off-Roads,,54000,0,0,https://docs.fivem.net/vehicles/caracara.webp
Nagasaki,Outlaw,Off-Roads,,58000,0,0,https://docs.fivem.net/vehicles/outlaw.webp
Bordeaux,Vivant GRB,Off-Roads,,69000,0,0,https://docs.fivem.net/vehicles/vivantgrb.webp
Bravado,Bison HF,Off-Roads,,95000,0,0,https://docs.fivem.net/vehicles/bisonhf.webp
Annis,Dubsta 6x6,Off-Roads,,260000,0,0,https://docs.fivem.net/vehicles/dubsta3.webp
Vapid,Minivan,VAN,,27000,0,0,https://docs.fivem.net/vehicles/minivan.webp
Bravado,Youga Classic,VAN,,31000,0,0,https://docs.fivem.net/vehicles/youga2.webp
Bravado,Youga,VAN,,31000,0,0,https://docs.fivem.net/vehicles/youga.webp
Zirconium,Journey II,VAN,,32000,0,0,https://docs.fivem.net/vehicles/journey2.webp
Vapid,Minivan Custom,VAN,,32000,0,0,https://docs.fivem.net/vehicles/minivan2.webp
Declasse,Moonbeam,VAN,,32000,0,0,https://docs.fivem.net/vehicles/moonbeam.webp
Declasse,Moonbeam Custom,VAN,,35000,0,0,https://docs.fivem.net/vehicles/moonbeam2.webp
BF,Surfer Custom,VAN,,36000,0,0,https://docs.fivem.net/vehicles/surfer3.webp
Declasse,Burrito Custom,VAN,,39000,0,0,https://docs.fivem.net/vehicles/gburrito2.webp
BF,Surfer,VAN,,40000,0,0,https://docs.fivem.net/vehicles/surfer.webp
Bravado,Rumpo Custom,VAN,,48000,0,0,https://docs.fivem.net/vehicles/rumpo3.webp
Bravado,Esperta,VAN,,55000,0,0,https://docs.fivem.net/vehicles/esperta.webp
Vapid,Speedo Custom,VAN,,238000,0,0,https://docs.fivem.net/vehicles/speedo4.webp
Bison,Stx,Entreprise,,0,0,0,https://docs.fivem.net/vehicles/stx.webp
LSC,Sierra AT4,Entreprise,,0,0,0,https://docs.fivem.net/vehicles/sierraat4.webp
GB,Box Boy,Entreprise,,0,0,0,https://docs.fivem.net/vehicles/boxboy.webp
GB,Voyager B,Entreprise,,0,0,0,https://docs.fivem.net/vehicles/voyagerb.webp
LSC,Sierra Towing,Entreprise,,0,0,0,https://docs.fivem.net/vehicles/sierratowing.webp
